budget,wilcoxon_statistic,p_value
100,0.0,1.6826727426224775e-06
300,0.0,1.7202594665136766e-06
500,0.0,1.705141514598868e-06
1000,0.0,1.7278603148724103e-06
